Station,Fuel,Station name,Capacity (L),Avg daily consumption (L),Current orders,Current avg order (L),Current orders per month,Current discount (c/L),Current savings (CAD),Proposed trigger (L),Proposed order size (L),Proposed discount (c/L),Proposed orders per month,Proposed savings (CAD),"Extra savings (CAD, 956 days)",Extra savings per year (CAD)
1,Diesel,EastMount,80000.0,7080.0,599.0,8134.0,19.1,0.05,2347.70624,49560.0,25000.0,3.0,8.7,146173.74096,143826.03472,54913.0
1,Gasoline,EastMount,160000.0,12480.0,762.0,14260.0,24.3,1.73,188239.66928,87360.0,40000.0,4.0,9.5,434648.44864,246408.77936000002,94079.0
2,Diesel,Eastgate,110000.0,4098.0,347.0,9974.0,11.0,0.2,6761.38656,28686.0,40000.0,4.0,3.1,138435.99232000002,131674.60576,50273.0
2,Gasoline,Eastgate,110000.0,3146.0,285.0,9904.0,9.1,0.13,3534.9350400000003,22022.0,40000.0,4.0,2.4,112900.55104,109365.61600000001,41756.0
3,Diesel,Central,30000.0,450.0,41.0,10532.0,1.3,0.07,319.43968,3150.0,25000.0,3.0,0.5,12954.453599999999,12635.01392,4824.0
3,Gasoline,Central,30000.0,512.0,39.0,10859.0,1.2,0.39,1635.61088,3584.0,25000.0,3.0,0.6,12705.55968,11069.9488,4226.0
4,Diesel,Chedoke,40000.0,2087.0,184.0,8872.0,5.9,0.02,343.36672,14609.0,25000.0,3.0,2.5,48974.05296,48630.68624,18567.0
4,Gasoline,Chedoke,40000.0,1897.0,172.0,9178.0,5.5,0.0,0.0,13279.0,25000.0,3.0,2.3,47358.53328,47358.53328,18081.0
5,Diesel,Mountain View,25000.0,1043.0,125.0,6494.0,4.0,0.0,0.0,7301.0,15000.0,2.0,2.1,16234.67904,16234.67904,6198.0
5,Gasoline,Mountain View,25000.0,1538.0,155.0,8688.0,4.9,0.0,0.0,10766.0,14234.0,0.0,3.3,0.0,0.0,0.0
6,Diesel,Oakville,30000.0,67.0,7.0,7804.0,0.2,0.0,0.0,469.0,25000.0,3.0,0.1,1638.8985599999999,1638.8985599999999,626.0
6,Gasoline,Oakville,60000.0,434.0,35.0,11048.0,1.1,0.38,1461.8950399999999,3038.0,40000.0,4.0,0.3,15467.203840000002,14005.308800000003,5347.0
7,Diesel,Circle,5000.0,16.0,8.0,1385.0,0.3,0.0,0.0,112.0,4888.0,0.0,0.1,0.0,0.0,0.0
7,Gasoline,Circle,5000.0,124.0,44.0,2126.0,1.4,0.0,0.0,868.0,4132.0,0.0,0.9,0.0,0.0,0.0
8,Diesel,Chappel,40000.0,74.0,9.0,8450.0,0.3,0.64,489.08928000000003,518.0,25000.0,3.0,0.1,2281.5249599999997,1792.4356799999996,684.0
8,Gasoline,Chappel,40000.0,243.0,19.0,10934.0,0.6,0.41,846.3072,1701.0,25000.0,3.0,0.3,6232.27536,5385.968159999999,2056.0
All,,,,,2831.0,,90.2,,205979.40592,,,,36.8,996005.91424,790026.50832,301630.0
